Latitude,Longitude
40.73254,-73.97445
40.73026,-73.9513
40.6323,-73.96674
40.7223,-73.9971
40.72033,-74.01228
40.74279,-73.98025
40.72689,-73.99997
40.75791,-73.98153
40.76888,-73.90854
40.72244,-73.9868
40.73034,-73.9804
40.74449,-74.0065
40.74557,-73.99325
40.78027,-73.95926
40.7457,-73.97213
40.75459,-73.97171
40.72054,-74.00345
40.6959,-73.9674
40.66916,-73.995
40.76576,-73.98357
40.80582,-73.97055
40.74137,-73.99677
40.7516,-73.97802
40.75115,-73.99052
40.64481,-73.96042
40.74641,-73.96978
40.76052,-73.96943
40.67517,-74.00083
40.77233,-73.99369
40.73676,-73.85523
40.64273,-73.97406
40.7322,-74.00061
40.72625,-73.98589
40.76408,-73.89537
40.79475,-73.93035
40.71866,-74.01268
40.72568,-73.89169
40.71053,-73.99262
40.74325,-73.977
40.73761,-73.97631
40.77242,-73.95287
40.73571,-73.97504
40.68416,-73.97772
40.76134,-73.9622
40.71905,-73.97497
40.75953,-73.95808
40.77597,-73.90228
40.70891,-74.01321
40.81433,-73.94456
40.69338,-73.8113
40.74128,-73.99399
40.7354,-73.91633
40.7696,-73.98569
40.73545,-73.92442
40.72325,-73.99673
40.75132,-73.99786
40.7267,-73.97189
40.78034,-73.97669
40.73243,-73.94363
40.69503,-73.9841
40.75209,-73.96451
40.74372,-73.97167
40.73803,-73.99634
40.70905,-73.99617
40.70704,-73.94628
40.7915,-73.92496
40.73763,-73.97432
40.83114,-73.95075
40.73056,-73.98624
40.73046,-73.98923
40.74935,-73.97108
40.74566,-73.97024
40.75106,-74.0017
40.73451,-73.92188
40.75539,-73.85246
40.84538,-73.93072
40.6433,-73.97417
40.77947,-73.95349
40.7755,-73.9426
40.75485,-73.97427
40.72304,-73.83618
40.71848,-73.98824
40.73852,-73.90268
40.71644,-73.99593
40.74384,-73.99211
40.74749,-73.97826
40.73203,-73.91915
40.73691,-73.81475
40.70311,-74.00794
40.72625,-73.88976
40.74216,-73.95885
40.73475,-73.98317
40.75155,-73.85144
40.77274,-73.99338
40.73143,-74.00117
40.69595,-73.98457
40.71617,-73.95064
40.73651,-73.92948
40.70793,-74.01558
40.77934,-73.98869
40.72305,-73.99307
40.74943,-74.00291
40.77819,-73.96076
40.7522,-73.96631
40.75368,-73.94706
40.78153,-73.9721
40.74675,-73.97652
40.69892,-73.98394
40.68922,-74.01006
40.75528,-73.96158
40.76809,-73.95879
40.7761,-73.95313
40.67767,-73.80312
40.76149,-73.96835
40.7472,-74.00453
40.72877,-73.88128
40.67838,-73.94969
40.74406,-73.97145
40.70952,-73.93309
40.76857,-73.90642
40.72798,-74.00302
40.73779,-73.84991
40.78206,-73.98284
40.75358,-73.98895
40.74196,-73.97275
40.74592,-73.97012
40.72304,-73.97395
40.76788,-73.90316
40.64185,-74.02091
40.73622,-73.91002
40.76849,-73.96946
40.77321,-73.98557
40.65697,-73.98251
40.78641,-73.97968
40.72019,-73.95299
40.71393,-73.97355
40.73465,-73.99257
40.75443,-73.99927
40.70297,-73.9605
40.74954,-73.99539
40.74743,-73.96761
40.74137,-73.95052
40.73803,-73.99841
40.76953,-73.98827
40.68,-73.87434
40.79462,-73.9217
40.76355,-73.95341
40.73606,-73.97505
40.73643,-73.92909
40.64469,-73.79637
40.74823,-73.97034
40.74556,-73.97774
40.77167,-73.87589
40.73485,-73.98
40.74085,-73.98165
40.74,-73.94288
40.6773,-73.80295
40.77936,-73.95068
40.72259,-73.97436
40.81598,-73.94527
40.76948,-73.98458
40.76696,-73.99653
40.72214,-73.98731
40.75944,-73.99192
40.71405,-73.97681
40.75889,-73.94462
40.6912,-73.99913
40.7458,-73.96517
40.6998,-73.94719
40.73521,-73.97493
40.75772,-73.95646
40.67052,-73.9575
40.76822,-73.90466
40.78935,-73.93939
40.73525,-73.9748
40.73795,-74.00647
40.73523,-73.72336
40.77344,-73.94896
40.82433,-73.85242
40.76349,-73.99912
40.7432,-73.98764
40.73853,-73.9785
40.72847,-74.0039
40.73556,-74.00326
40.78586,-73.94885
40.74347,-74.00725
40.7294,-74.00235
40.73512,-73.99155
40.67037,-73.84719
40.73278,-74.0102
40.79003,-73.98184
40.763,-73.97805
40.744,-73.98781
40.76397,-73.98232
40.72478,-73.98735
40.72723,-73.97179
40.73474,-74.00312
40.73569,-74.00236
40.76066,-73.96058
40.75763,-73.9665
40.76059,-73.99478
40.74781,-73.99666
40.7448,-73.98512
40.71967,-73.97489
40.72531,-73.98734
40.74236,-73.99914
40.72674,-73.98304
40.75376,-73.94736
40.74725,-73.99706
40.84738,-73.93462
40.7361,-73.91099
40.72935,-74.00157
40.72527,-73.97271
40.75342,-73.96352
40.75867,-73.96589
40.7358,-74.00156
40.72643,-73.98615
40.74087,-74.00521
40.71189,-73.98496
40.73556,-73.85948
40.74594,-73.97288
40.71688,-73.98263
40.7648,-73.99787
40.75378,-73.96303
40.84799,-73.93461
40.77324,-73.95484
40.79303,-73.97971
40.73646,-73.97752
40.76297,-73.98937
40.71611,-73.95073
40.72153,-73.9842
40.73393,-74.00629
40.72885,-73.97167
40.73548,-73.9748
40.72591,-73.98965
40.76492,-73.95219
40.85188,-73.93187
40.75102,-73.93461
40.7428,-73.82974
40.75652,-73.98811
40.70944,-73.99378
40.75616,-73.9403
40.74885,-73.96731
40.74218,-73.95841
40.72442,-73.99318
40.72508,-73.99952
40.73153,-74.004
40.74396,-73.98942
40.83932,-73.93287
40.76071,-73.96068
40.75578,-73.96677
40.71266,-73.97767
40.76964,-73.98381
40.72524,-74.00334
40.72876,-73.99398
40.70476,-74.00529
40.74307,-74.00755
40.71404,-73.97393
40.72064,-73.94321
40.73499,-73.8614
40.75797,-73.98926
40.8027,-73.93024
40.74687,-74.00477
40.75871,-73.99246
40.72246,-74.01182
40.77456,-73.94316
40.71347,-74.00687
40.75069,-73.98985
40.73418,-73.99496
40.64498,-73.79046
40.74098,-73.94586
40.73967,-73.98511
40.66901,-73.99468
40.76563,-73.9517
40.76148,-73.97043
40.77953,-73.9701
40.749,-73.98001
40.74061,-73.98737
40.72782,-73.88733
40.72805,-73.88611
40.72719,-74.0186
40.73081,-73.98295
40.74755,-73.98113
41.00321,-73.7217
40.7303,-73.99985
40.767,-73.86416
40.75791,-73.98343
40.72011,-73.99585
40.73311,-73.97425
40.72669,-74.01105
40.72983,-73.97231
40.76886,-73.88238
40.74615,-73.96515
40.83138,-73.94252
40.73678,-73.81474
40.81137,-73.90012
40.72536,-73.9967
40.76576,-73.93116
40.77003,-73.97494
40.71989,-74.00681
40.7264,-73.99898
40.72357,-74.00618
40.78396,-73.94632
40.73157,-73.97381
40.6958,-73.96766
40.71352,-73.9966
40.7587,-73.98131
40.70922,-73.99602
40.74825,-73.99002
40.73677,-73.93082
40.72708,-73.94965
40.72296,-73.98878
40.75562,-73.9613
40.71082,-73.98201
40.72768,-74.00317
40.75535,-73.98533
40.70611,-73.81809
40.84491,-73.92027
40.75456,-73.8944
40.80049,-73.97437
40.7799,-73.94371
40.77984,-73.97086
40.78492,-73.98436
40.77463,-73.9923
40.76647,-73.9781
40.74114,-74.00585
40.76789,-73.90326
40.71778,-73.9751
40.74438,-73.94037
40.65692,-73.98242
40.79697,-73.97576
40.72464,-73.99422
40.73863,-73.84849
40.76378,-73.9759
40.73502,-73.99039
40.78571,-73.94895
40.78044,-73.95913
40.74146,-73.97829
40.67461,-73.97996
40.77935,-73.98869
40.74719,-73.98968
40.65452,-73.97866
40.72587,-73.98655
40.79053,-73.98155
40.77992,-73.92672
40.71544,-73.97855
40.80571,-73.90951
40.72215,-73.99674
40.72197,-73.95328
40.7967,-73.92927
40.74499,-73.97067
40.71063,-73.98457
40.71304,-73.98554
40.75381,-73.98065
40.72777,-73.95067
40.80057,-73.94442
40.74568,-73.97214
40.76516,-73.97913
40.71612,-73.97592
40.79861,-73.9293
40.714,-73.97698
40.74919,-73.98193
40.6865,-74.00838
40.70979,-73.99135
40.73523,-73.99181
40.78813,-73.94718
40.77811,-73.96574
40.74142,-73.95407
40.77528,-73.95163
40.66631,-73.79955
40.71881,-73.98931
40.78367,-73.98527
40.75445,-73.96245
40.75169,-73.96875
40.80598,-73.97042
40.71027,-73.96354
40.73166,-73.91831
40.71027,-73.99248
40.71304,-73.95544
40.71067,-73.98403
40.7485,-73.96896
40.72039,-74.00327
40.7228,-73.99305
40.73591,-73.85831
40.74381,-73.97659
40.68382,-73.97727
40.74678,-73.96924
40.76263,-73.97316
40.75298,-73.99534
40.68511,-73.97822
40.71579,-73.8263
40.74292,-73.98698
40.7279,-74.00545
40.67739,-73.80299
40.70933,-74.00595
40.74178,-73.84205
40.7547,-73.96865
40.76164,-73.9351
40.75026,-73.97915
40.71917,-73.99047
40.75964,-73.8559
40.7303,-74.01045
40.78543,-73.98402
40.76258,-73.98589
40.82486,-73.94668
40.74743,-73.96761
40.78895,-73.96669
40.70626,-74.01462
40.75609,-73.96763
40.72648,-73.94913
40.72489,-73.97516
40.67188,-73.99867
40.73512,-73.98018
40.81482,-73.96426
40.74556,-73.98253
40.87134,-73.90685
40.73961,-73.99445
40.72515,-73.99021
40.7593,-73.99571
40.70176,-74.01029
40.80371,-73.97217
40.71584,-73.99593
40.71288,-73.9939
40.80187,-73.9307
40.69559,-74.01364
40.76011,-73.95927
40.69222,-73.97268
40.74686,-73.97112
40.73395,-73.98672
40.76184,-74.00122
40.71701,-74.00633
40.76984,-73.98222
40.75622,-73.96781
40.78052,-73.98781
40.76154,-73.95544
40.71224,-73.97794
40.73656,-73.97778
40.75394,-73.99219
40.64682,-73.80155
40.74884,-73.91305
40.7305,-74.00459
40.74479,-73.97588
40.76518,-73.96395
40.76704,-73.96792
40.6786,-73.99996
40.74319,-73.99633
40.73189,-73.91855
40.76088,-73.97972
40.70026,-74.01541
40.76847,-73.91347
40.77254,-73.90911
40.76596,-73.95735
40.81656,-73.963
40.76811,-73.97045
40.73029,-73.91317
40.76151,-73.98814
40.71987,-73.98661
40.78701,-73.97552
40.76961,-73.94843
40.73765,-73.9764
40.69117,-73.98218
40.74158,-73.94971
40.76461,-73.95246
40.76286,-73.96967
40.7373,-73.93348
40.73698,-73.9319
40.81856,-73.92473
40.78954,-73.96996
40.76378,-73.98131
40.7623,-73.98985
40.76935,-73.99479
40.7477,-74.00419
40.78391,-73.94622
40.74656,-73.98012
40.5831,-73.9819
40.72843,-73.83945
40.75306,-73.92153
40.75984,-74.00273
40.71967,-73.98764
40.72249,-73.97441
40.74277,-73.94915
40.72544,-73.9726
40.74771,-73.98077
40.78687,-73.92927
40.7211,-73.99632
40.73218,-74.00412
40.84886,-73.9402
40.81735,-73.9622
40.74137,-73.99393
40.70202,-73.81606
40.7902,-73.9695
40.7453,-73.97918
40.72646,-73.99571
40.75035,-73.97344
40.71599,-73.98046
40.7511,-74.00168
40.76813,-73.98406
40.74389,-74.00327
40.71957,-74.00175
40.76597,-73.95125